# 11 使用子查询
## 11.1 子查询
```text
SQL还允许创建子查询(subquery)，即嵌套在其他查询中的查询。
```
## 11.2 利用子查询进行过滤
数据库表都是关系表(关于每个表及关系的描 述，[请点击这里参阅](./0_mysql入门.md))。订单存储在两个表中。对于包含订单号、客户ID、 订单日期的每个订单，orders表存储一行。各订单的物品存储在相关的 orderitems表中。orders表不存储客户信息。它只存储客户的ID。实际 的客户信息存储在customers表中。

```sql
-- 列出订购物品TNT2的所有客户
-- 1 检索包含物品TNT2的所有订单的编号。
mysql> select prod_id, order_num from orderitems where prod_id = 'tnt2';
+---------+-----------+
| prod_id | order_num |
+---------+-----------+
| TNT2    |     20005 |
| TNT2    |     20007 |
+---------+-----------+
2 rows in set (0.00 sec)
-- 2 检索具有前一步骤列出的订单编号的所有客户的ID。
mysql> select order_num, cust_id from orders where order_num in(20005,20007);
+-----------+---------+
| order_num | cust_id |
+-----------+---------+
|     20005 |   10001 |
|     20007 |   10004 |
+-----------+---------+
2 rows in set (0.00 sec)
-- 变成一条子查询语句(其实就是将第一条检索的数据交给第二条SQL作为过滤条件使用)
mysql> select order_num, cust_id from orders where order_num in (select order_num from orderitems where prod_id = 'tnt2');
+-----------+---------+
| order_num | cust_id |
+-----------+---------+
|     20005 |   10001 |
|     20007 |   10004 |
+-----------+---------+
2 rows in set (0.01 sec)
-- 3 检索前一步骤返回的所有客户ID的客户信息。(依据上一条子查询可以得到最终sql)
mysql> select cust_id, cust_name, cust_contact from customers 
    -> where cust_id in
    -> (select cust_id from orders where order_num in
    -> (select order_num from orderitems where prod_id = 'tnt2'));
+---------+----------------+--------------+
| cust_id | cust_name      | cust_contact |
+---------+----------------+--------------+
|   10001 | Coyote Inc.    | Y Lee        |
|   10004 | Yosemite Place | Y Sam        |
+---------+----------------+--------------+
2 rows in set (0.01 sec)
```
## 11.3 作为计算字段使用子查询(相关子查询)
显示customers表中每个客户的订单总数。订单与相应的客户ID存储在orders表中。
```sql
-- as 别名可以省略
mysql> select cust_id, cust_name, (select count(*) from orders o where o.cust_id = c.cust_id) orders from customers c order by cust_name;
-- mysql> select cust_id, cust_name, (select count(*) from orders as o where o.cust_id = c.cust_id) orders from customers as c order by cust_name;
+---------+----------------+--------+
| cust_id | cust_name      | orders |
+---------+----------------+--------+
|   10001 | Coyote Inc.    |      2 |
|   10005 | E Fudd         |      1 |
|   10002 | Mouse House    |      0 |
|   10003 | Wascals        |      1 |
|   10004 | Yosemite Place |      1 |
+---------+----------------+--------+
5 rows in set (0.00 sec)
```