# 14 组合查询
## 14.1 组合查询
## 14.2 创建组合查询(union)
### 14.2.1 使用union
```sql
-- 需要价格小于等于5的所有物品的一个列表，而且 还想包括供应商1001和1002生产的所有物品(不考虑价格)。当然，可以 利用WHERE子句来完成此工作，不过这次我们将使用UNION。
-- 我们先依次查出然后再通过union检索,对比其结果
mysql> select vend_id, prod_id, prod_price from products where prod_price <= 5;
+---------+---------+------------+
| vend_id | prod_id | prod_price |
+---------+---------+------------+
|    1003 | FC      |       2.50 |
|    1002 | FU1     |       3.42 |
|    1003 | SLING   |       4.49 |
|    1003 | TNT1    |       2.50 |
+---------+---------+------------+
4 rows in set (0.00 sec)
mysql> select vend_id, prod_id, prod_price from products where vend_id in(1001,1002);
+---------+---------+------------+
| vend_id | prod_id | prod_price |
+---------+---------+------------+
|    1001 | ANV01   |       5.99 |
|    1001 | ANV02   |       9.99 |
|    1001 | ANV03   |      14.99 |
|    1002 | FU1     |       3.42 |
|    1002 | OL1     |       8.99 |
+---------+---------+------------+
5 rows in set (0.00 sec)
-- 通过union对比发现重复的行被过滤了
mysql> select vend_id, prod_id, prod_price from products where prod_price <= 5 union select vend_id, prod_id, prod_price from products where vend_id in(1001,1002);
+---------+---------+------------+
| vend_id | prod_id | prod_price |
+---------+---------+------------+
|    1003 | FC      |       2.50 |
|    1002 | FU1     |       3.42 |
|    1003 | SLING   |       4.49 |
|    1003 | TNT1    |       2.50 |
|    1001 | ANV01   |       5.99 |
|    1001 | ANV02   |       9.99 |
|    1001 | ANV03   |      14.99 |
|    1002 | OL1     |       8.99 |
+---------+---------+------------+
8 rows in set (0.00 sec)
```
### 14.2.2 union规则
```text
 UNION必须由两条或两条以上的SELECT语句组成，语句之间用关 键字UNION分隔(因此，如果组合4条SELECT语句，将要使用3个 UNION关键字)。
 UNION中的每个查询必须包含相同的列、表达式或聚集函数(不过
各个列不需要以相同的次序列出)。
 列数据类型必须兼容:类型不必完全相同，但必须是DBMS可以
隐含地转换的类型(例如，不同的数值类型或不同的日期类型)。 如果遵守了这些基本规则或限制，则可以将并用于任何数据检索任务。
```
### 14.2.3 包含或取消重复的行
UNION从查询结果集中自动去除了重复的行(换句话说，它的行为与 单条SELECT语句中使用多个WHERE子句条件一样)。因为供应商1002生产 的一种物品的价格也低于5，所以两条SELECT语句都返回该行。在使用 UNION时，重复的行被自动取消。
这是UNION的默认行为，但是如果需要，可以改变它。事实上，如果 想返回所有匹配行，可使用UNION ALL而不是UNION。

```sql
mysql> select vend_id, prod_id, prod_price from products where prod_price <= 5
    -> union all
    -> select vend_id, prod_id, prod_price from products where vend_id in(1001,1002);
+---------+---------+------------+
| vend_id | prod_id | prod_price |
+---------+---------+------------+
|    1003 | FC      |       2.50 |
|    1002 | FU1     |       3.42 |
|    1003 | SLING   |       4.49 |
|    1003 | TNT1    |       2.50 |
|    1001 | ANV01   |       5.99 |
|    1001 | ANV02   |       9.99 |
|    1001 | ANV03   |      14.99 |
|    1002 | FU1     |       3.42 |
|    1002 | OL1     |       8.99 |
+---------+---------+------------+
9 rows in set (0.00 sec)
```
### 17.2.4 对组合查询结果排序
SELECT语句的输出用ORDER BY子句排序。在用UNION组合查询时，只 能使用一条ORDER BY子句，它必须出现在最后一条SELECT语句之后。对 于结果集，不存在用一种方式排序一部分，而又用另一种方式排序另一 部分的情况，因此不允许使用多条ORDER BY子句。
```sql
mysql> select vend_id, prod_id, prod_price from products where prod_price <= 5
    -> union
    -> select vend_id, prod_id, prod_price from products where vend_id in(1001,1002)
    -> order by vend_id, prod_price;
+---------+---------+------------+
| vend_id | prod_id | prod_price |
+---------+---------+------------+
|    1001 | ANV01   |       5.99 |
|    1001 | ANV02   |       9.99 |
|    1001 | ANV03   |      14.99 |
|    1002 | FU1     |       3.42 |
|    1002 | OL1     |       8.99 |
|    1003 | FC      |       2.50 |
|    1003 | TNT1    |       2.50 |
|    1003 | SLING   |       4.49 |
+---------+---------+------------+
8 rows in set (0.00 sec)
```