# 5 数据过滤 (英文原版估计会清楚一点,翻译的确实有点奇怪)
## 5.1 组合where子句
### 5.1.1 and操作符
```sql
-- 检索出vend_id为1003的行并且prod_price<=10
mysql> select prod_id, prod_price, prod_name from products where vend_id = 1003 and prod_price <= 10;
+---------+------------+----------------+
| prod_id | prod_price | prod_name      |
+---------+------------+----------------+
| FB      |      10.00 | Bird seed      |
| FC      |       2.50 | Carrots        |
| SLING   |       4.49 | Sling          |
| TNT1    |       2.50 | TNT (1 stick)  |
| TNT2    |      10.00 | TNT (5 sticks) |
+---------+------------+----------------+
5 rows in set (0.00 sec)
```
### 5.1.2 or操作符
```sql
mysql> select vend_id, prod_name, prod_price from products where vend_id = 1002 or vend_id = 1003;
+---------+----------------+------------+
| vend_id | prod_name      | prod_price |
+---------+----------------+------------+
|    1002 | Fuses          |       3.42 |
|    1002 | Oil can        |       8.99 |
|    1003 | Detonator      |      13.00 |
|    1003 | Bird seed      |      10.00 |
|    1003 | Carrots        |       2.50 |
|    1003 | Safe           |      50.00 |
|    1003 | Sling          |       4.49 |
|    1003 | TNT (1 stick)  |       2.50 |
|    1003 | TNT (5 sticks) |      10.00 |
+---------+----------------+------------+
9 rows in set (0.00 sec)
```
### 5.1.3 计算次数
```sql
-- 列出价格为10美元（含）以上且由1002或1003制造的所有产品。

-- 1. 错误的(返回的结果未按预期的进行过滤。主要是因为SQL在处理or操作前，优先会处理and操作符。)所以这条语句就变成了检索1002制造的产品或者1003制造的产品，但是1003制造的产品价格必须大于或者等于10美元
mysql> select vend_id, prod_name, prod_price from products where vend_id = 1002 or vend_id = 1003 and prod_price >= 10;
+---------+----------------+------------+
| vend_id | prod_name      | prod_price |
+---------+----------------+------------+
|    1002 | Fuses          |       3.42 |
|    1002 | Oil can        |       8.99 |
|    1003 | Detonator      |      13.00 |
|    1003 | Bird seed      |      10.00 |
|    1003 | Safe           |      50.00 |
|    1003 | TNT (5 sticks) |      10.00 |
+---------+----------------+------------+
6 rows in set (0.00 sec)

-- 2. 正确的(和其它的编程语言一样可以直接通过圆括号控制计算次序,从而得到正确的结果
mysql> select vend_id, prod_name, prod_price from products where (vend_id = 1002 or vend_id = 1003) and prod_price >= 10;
+---------+----------------+------------+
| vend_id | prod_name      | prod_price |
+---------+----------------+------------+
|    1003 | Detonator      |      13.00 |
|    1003 | Bird seed      |      10.00 |
|    1003 | Safe           |      50.00 |
|    1003 | TNT (5 sticks) |      10.00 |
+---------+----------------+------------+
4 rows in set (0.00 sec)
```
## 5.2 in操作符
可以使用in操作符来指定条件范围,范围中的每个条件都可以进行匹配。
in的和法值由逗号分隔
```sql
-- 使用上其实和用or差不多只是会比or少写很多重复的代码
-- 1. 如果可选项多的话in操作符应该更具有优势吧
-- 2. in操作符相比于or操作符更具有性能优势
-- 3. in还能包含其它select语句
mysql> select vend_id, prod_name, prod_price from products where vend_id in(1002, 1003) order by prod_name;
+---------+----------------+------------+
| vend_id | prod_name      | prod_price |
+---------+----------------+------------+
|    1003 | Bird seed      |      10.00 |
|    1003 | Carrots        |       2.50 |
|    1003 | Detonator      |      13.00 |
|    1002 | Fuses          |       3.42 |
|    1002 | Oil can        |       8.99 |
|    1003 | Safe           |      50.00 |
|    1003 | Sling          |       4.49 |
|    1003 | TNT (1 stick)  |       2.50 |
|    1003 | TNT (5 sticks) |      10.00 |
+---------+----------------+------------+
9 rows in set (0.00 sec)

-- 以下是由or操作符实现的效果一模一样
mysql> select vend_id, prod_name, prod_price from products where vend_id = 1002 or vend_id = 1003 order by prod_name;
+---------+----------------+------------+
| vend_id | prod_name      | prod_price |
+---------+----------------+------------+
|    1003 | Bird seed      |      10.00 |
|    1003 | Carrots        |       2.50 |
|    1003 | Detonator      |      13.00 |
|    1002 | Fuses          |       3.42 |
|    1002 | Oil can        |       8.99 |
|    1003 | Safe           |      50.00 |
|    1003 | Sling          |       4.49 |
|    1003 | TNT (1 stick)  |       2.50 |
|    1003 | TNT (5 sticks) |      10.00 |
+---------+----------------+------------+
9 rows in set (0.00 sec)
```
## 5.3 not 操作符
where子句中not操作符就是否定它之后所跟的任何条件
```sql
-- 排除所有1002和1003制造的产品
mysql> select vend_id, prod_name, prod_price from products where vend_id not in(1002, 1003);
+---------+--------------+------------+
| vend_id | prod_name    | prod_price |
+---------+--------------+------------+
|    1001 | .5 ton anvil |       5.99 |
|    1001 | 1 ton anvil  |       9.99 |
|    1001 | 2 ton anvil  |      14.99 |
|    1005 | JetPack 1000 |      35.00 |
|    1005 | JetPack 2000 |      55.00 |
+---------+--------------+------------+
5 rows in set (0.00 sec)

-- 其实将not放在vend_id前面也行(两种格式任意选择一种就行)
mysql> select vend_id, prod_name, prod_price from products where not vend_id in(1002, 1003);
+---------+--------------+------------+
| vend_id | prod_name    | prod_price |
+---------+--------------+------------+
|    1001 | .5 ton anvil |       5.99 |
|    1001 | 1 ton anvil  |       9.99 |
|    1001 | 2 ton anvil  |      14.99 |
|    1005 | JetPack 1000 |      35.00 |
|    1005 | JetPack 2000 |      55.00 |
+---------+--------------+------------+
5 rows in set (0.00 sec)
```
