# 7 创建计算字段
## 7.1 计算字段
## 7.2 拼接字段(concat)
```sql
mysql> select concat(vend_name, '(', vend_country, ')') from vendors order by 
vend_name;
+-------------------------------------------+
| concat(vend_name, '(', vend_country, ')') |
+-------------------------------------------+
| ACME(USA)                                 |
| Anvils R Us(USA)                          |
| Furball Inc.(USA)                         |
| Jet Set(England)                          |
| Jouets Et Ours(France)                    |
| LT Supplies(USA)                          |
+-------------------------------------------+
6 rows in set (0.00 sec)
```
### 使用rtrim()函数删除右侧多余的空格
```sql
mysql> select concat(rtrim(vend_name), '(', rtrim(vend_country), ')') from vendors order by vend_name;
+---------------------------------------------------------+
| concat(rtrim(vend_name), '(', rtrim(vend_country), ')') |
+---------------------------------------------------------+
| ACME(USA)                                               |
| Anvils R Us(USA)                                        |
| Furball Inc.(USA)                                       |
| Jet Set(England)                                        |
| Jouets Et Ours(France)                                  |
| LT Supplies(USA)                                        |
+---------------------------------------------------------+
6 rows in set (0.00 sec)
```
```text
trim函数 MySQL除了支持rtrim()（正如刚才所见，它去掉
串右边的空格），还支持ltrim()（去掉串左边的空格）以及
trim()（去掉串左右两边的空格）。
```
### 使用别名 (as 关键字)
```sql
mysql> select concat(rtrim(vend_name), '(', rtrim(vend_country), ')') as vend_title from vendors order by vend_name;
+------------------------+
| vend_title             |
+------------------------+
| ACME(USA)              |
| Anvils R Us(USA)       |
| Furball Inc.(USA)      |
| Jet Set(England)       |
| Jouets Et Ours(France) |
| LT Supplies(USA)       |
+------------------------+
6 rows in set (0.01 sec)
```
## 7.3 执行算术计算
```sql
-- 获取订单信息
mysql> select prod_id, quantity, item_price from orderitems where order_num = 
20005;
+---------+----------+------------+
| prod_id | quantity | item_price |
+---------+----------+------------+
| ANV01   |       10 |       5.99 |
| ANV02   |        3 |       9.99 |
| TNT2    |        5 |      10.00 |
| FB      |        1 |      10.00 |
+---------+----------+------------+
4 rows in set (0.00 sec)

-- 汇总物品的总价
mysql> select prod_id, quantity, item_price, quantity * item_price as expanded_price from orderitems where order_num = 20005;
+---------+----------+------------+----------------+
| prod_id | quantity | item_price | expanded_price |
+---------+----------+------------+----------------+
| ANV01   |       10 |       5.99 |          59.90 |
| ANV02   |        3 |       9.99 |          29.97 |
| TNT2    |        5 |      10.00 |          50.00 |
| FB      |        1 |      10.00 |          10.00 |
+---------+----------+------------+----------------+
4 rows in set (0.00 sec)
```
MySQL支持的算术操作符(+,-,*,/)，此外可以用圆括号处理优先级。
